{"KeyFrameData":[{"keytime":0,"x":-78,"y":998},{"keytime":3.51219512195122,"x":1986,"y":1000},{"keytime":7.5609756097561,"x":-78,"y":-44}]}